schedule_date,schedule_season,schedule_week,schedule_playoff,team_home,score_home,score_away,team_away,team_favorite_id,spread_favorite,over_under_line,stadium,stadium_neutral,weather_temperature,weather_wind_mph,weather_humidity,weather_detail,game,week,platform_spread,ats_winner,ADon,Exciting Whites,Kevin,MC$,Maye Magic,P-Otys,Ripw1124,Vegas,Willheser,Yianni,b_hop,derelicious,mrmcwinnerson
9/7/2025,2025,1,False,NO,13.0,20.0,ARI,ARI,-6.5,43.5,Caesars Superdome,False,72.0,0.0,,indoor,ARI @ NO,1,6.5,ARI,1.0,1.0,1.0,0.0,1.0,1.0,1.0,1.0,1.0,0.0,1.0,1.0,1.0
9/7/2025,2025,1,False,BUF,41.0,40.0,BAL,BAL,-1.5,50.5,Highmark Stadium,False,58.0,8.0,61.0,,BAL @ BUF,1,-0.5,BUF,0.0,1.0,0.0,1.0,1.0,0.0,0.0,1.0,1.0,1.0,0.0,1.0,1.0
9/7/2025,2025,1,False,JAX,26.0,10.0,CAR,JAX,-3.5,46.5,TIAA Bank Field,False,85.0,3.0,71.0,,CAR @ JAX,1,-3.5,JAX,1.0,1.0,1.0,1.0,1.0,1.0,1.0,1.0,1.0,0.0,1.0,1.0,1.0
9/7/2025,2025,1,False,CLE,16.0,17.0,CIN,CIN,-5.0,48,Huntington Bank Field,False,63.0,10.0,49.0,,CIN @ CLE,1,5.5,CLE,0.0,1.0,0.0,1.0,0.0,0.0,1.0,0.0,0.0,0.0,0.0,0.0,0.0
9/4/2025,2025,1,False,PHI,24.0,20.0,DAL,PHI,-8.5,47.5,Lincoln Financial Field,False,75.0,11.0,66.0,,DAL @ PHI,1,-7.5,DAL,0.0,0.0,0.0,0.0,0.0,0.0,0.0,0.0,0.0,0.0,0.0,1.0,0.0
9/7/2025,2025,1,False,GB,27.0,13.0,DET,GB,-1.0,47,Lambeau Field,False,60.0,5.0,76.0,,DET @ GB,1,-2.5,GB,0.0,0.0,0.0,0.0,0.0,0.0,0.0,1.0,1.0,0.0,0.0,0.0,0.0
9/7/2025,2025,1,False,LAR,14.0,9.0,HOU,LAR,-3.0,43.5,SoFi Stadium,False,72.0,0.0,,indoor,HOU @ LAR,1,-2.5,LAR,1.0,1.0,1.0,1.0,0.0,1.0,1.0,1.0,1.0,1.0,1.0,0.0,1.0
9/5/2025,2025,1,False,LAC,27.0,21.0,KC,KC,-3.0,46.5,Corinthians Arena,True,62.0,7.0,80.0,,KC @ LAC,1,3.5,LAC,1.0,0.0,1.0,0.0,1.0,0.0,1.0,0.0,1.0,1.0,1.0,1.0,0.0
9/7/2025,2025,1,False,NE,13.0,20.0,LV,NE,-2.5,44,Gillette Stadium,False,62.0,4.0,86.0,rain,LV @ NE,1,-2.5,LV,0.0,1.0,1.0,1.0,0.0,1.0,0.0,0.0,1.0,1.0,0.0,0.0,0.0
9/7/2025,2025,1,False,IND,33.0,8.0,MIA,PICK,0.0,46.5,Lucas Oil Stadium,False,72.0,0.0,,indoor,MIA @ IND,1,-0.5,IND,1.0,0.0,0.0,1.0,1.0,1.0,0.0,1.0,0.0,0.0,1.0,1.0,0.0
9/8/2025,2025,1,False,CHI,24.0,27.0,MIN,MIN,-1.5,43.5,Soldier Field,False,68.0,6.0,38.0,,MIN @ CHI,1,1.5,MIN,1.0,0.0,0.0,1.0,1.0,1.0,0.0,1.0,1.0,1.0,1.0,0.0,1.0
9/7/2025,2025,1,False,WAS,21.0,6.0,NYG,WAS,-6.0,45.5,Northwest Stadium,False,68.0,5.0,68.0,,NYG @ WAS,1,-6.5,WAS,0.0,0.0,1.0,1.0,0.0,0.0,1.0,1.0,1.0,1.0,0.0,1.0,1.0
9/7/2025,2025,1,False,NYJ,32.0,34.0,PIT,PIT,-2.5,38,MetLife Stadium,False,67.0,3.0,79.0,rain,PIT @ NYJ,1,2.5,NYJ,1.0,1.0,0.0,0.0,0.0,1.0,0.0,0.0,0.0,0.0,0.0,1.0,0.0
9/7/2025,2025,1,False,SEA,13.0,17.0,SF,SF,-2.0,43,Lumen Field,False,67.0,6.0,83.0,,SF @ SEA,1,2.5,SF,1.0,1.0,1.0,1.0,0.0,0.0,1.0,1.0,0.0,0.0,0.0,1.0,1.0
9/7/2025,2025,1,False,ATL,20.0,23.0,TB,ATL,-1.0,47,Mercedes-Benz Stadium,False,72.0,0.0,,indoor,TB @ ATL,1,2.5,TB,1.0,1.0,0.0,0.0,0.0,1.0,1.0,1.0,1.0,1.0,1.0,1.0,1.0
9/7/2025,2025,1,False,DEN,20.0,12.0,TEN,DEN,-9.0,42.5,Empower Field at Mile High,False,84.0,6.0,24.0,,TEN @ DEN,1,-7.5,DEN,1.0,1.0,1.0,1.0,0.0,1.0,1.0,1.0,1.0,1.0,1.0,1.0,1.0
9/14/2025,2025,2,False,MIN,6.0,22.0,ATL,MIN,-3.0,44.5,U.S. Bank Stadium,False,72.0,0.0,,indoor,ATL @ MIN,2,-4.5,ATL,0.0,1.0,1.0,0.0,0.0,1.0,0.0,0.0,0.0,0.0,1.0,0.0,0.0
9/14/2025,2025,2,False,NYJ,10.0,30.0,BUF,BUF,-6.0,47.5,MetLife Stadium,False,80.0,3.0,49.0,,BUF @ NYJ,2,6.5,BUF,1.0,1.0,1.0,1.0,1.0,0.0,1.0,1.0,1.0,1.0,0.0,1.0,1.0
9/14/2025,2025,2,False,ARI,27.0,22.0,CAR,ARI,-7.0,44.5,State Farm Stadium,False,72.0,0.0,,indoor,CAR @ ARI,2,-6.5,CAR,0.0,0.0,0.0,1.0,0.0,0.0,0.0,0.0,0.0,0.0,1.0,0.0,0.0
9/14/2025,2025,2,False,DET,52.0,21.0,CHI,DET,-6.5,46.5,Ford Field,False,72.0,0.0,,indoor,CHI @ DET,2,-5.5,DET,1.0,1.0,0.0,0.0,1.0,1.0,0.0,1.0,1.0,1.0,1.0,1.0,1.0
9/14/2025,2025,2,False,BAL,41.0,17.0,CLE,BAL,-11.5,45,M&T Bank Stadium,False,75.0,4.0,65.0,,CLE @ BAL,2,-10.5,BAL,1.0,0.0,1.0,0.0,0.0,0.0,0.0,1.0,1.0,1.0,0.0,0.0,0.0
9/14/2025,2025,2,False,IND,29.0,28.0,DEN,DEN,-1.0,43.5,Lucas Oil Stadium,False,72.0,0.0,,indoor,DEN @ IND,2,2.5,IND,0.0,1.0,1.0,0.0,1.0,1.0,1.0,0.0,0.0,0.0,0.0,1.0,0.0
9/14/2025,2025,2,False,CIN,31.0,27.0,JAX,CIN,-3.0,49,Paycor Stadium,False,85.0,3.0,37.0,,JAX @ CIN,2,-3.5,CIN,1.0,1.0,1.0,1.0,1.0,0.0,1.0,1.0,0.0,1.0,0.0,0.0,0.0
9/15/2025,2025,2,False,LV,9.0,20.0,LAC,LAC,-3.5,46.5,Allegiant Stadium,False,72.0,0.0,,indoor,LAC @ LV,2,3.5,LAC,1.0,1.0,1.0,1.0,1.0,1.0,0.0,1.0,1.0,1.0,0.0,1.0,0.0
9/14/2025,2025,2,False,TEN,19.0,33.0,LAR,LAR,-5.5,41.5,Nissan Stadium,False,83.0,3.0,46.0,,LAR @ TEN,2,5.5,LAR,0.0,1.0,1.0,0.0,0.0,0.0,1.0,1.0,1.0,1.0,1.0,1.0,1.0
9/14/2025,2025,2,False,MIA,27.0,33.0,NE,MIA,-2.0,43,Hard Rock Stadium,False,89.0,4.0,56.0,,NE @ MIA,2,-1.5,NE,1.0,1.0,1.0,0.0,1.0,1.0,1.0,0.0,1.0,1.0,0.0,1.0,1.0
9/14/2025,2025,2,False,DAL,40.0,37.0,NYG,DAL,-5.5,44.5,AT&T Stadium,False,72.0,0.0,,indoor,NYG @ DAL,2,-5.5,NYG,0.0,1.0,1.0,1.0,0.0,1.0,0.0,0.0,0.0,1.0,0.0,0.0,0.0
9/14/2025,2025,2,False,KC,17.0,20.0,PHI,PHI,-1.0,47,GEHA Field at Arrowhead Stadium,False,88.0,12.0,46.0,,PHI @ KC,2,0.5,PHI,1.0,1.0,1.0,0.0,1.0,0.0,1.0,1.0,1.0,1.0,1.0,1.0,1.0
9/14/2025,2025,2,False,PIT,17.0,31.0,SEA,PIT,-3.0,40,Acrisure Stadium,False,79.0,5.0,46.0,,SEA @ PIT,2,-2.5,SEA,0.0,1.0,0.0,0.0,0.0,1.0,0.0,0.0,1.0,1.0,0.0,1.0,0.0
9/14/2025,2025,2,False,NO,21.0,26.0,SF,SF,-3.0,40.5,Caesars Superdome,False,72.0,0.0,,indoor,SF @ NO,2,4.5,SF,1.0,1.0,1.0,1.0,1.0,1.0,0.0,1.0,1.0,1.0,0.0,1.0,1.0
9/15/2025,2025,2,False,HOU,19.0,20.0,TB,HOU,-2.5,42.5,NRG Stadium,False,72.0,0.0,,indoor,TB @ HOU,2,-2.5,TB,1.0,1.0,0.0,1.0,1.0,1.0,1.0,0.0,1.0,1.0,1.0,1.0,1.0
9/11/2025,2025,2,False,GB,27.0,18.0,WAS,GB,-3.5,48,Lambeau Field,False,65.0,7.0,78.0,,WAS @ GB,2,-3.5,GB,1.0,1.0,1.0,1.0,1.0,1.0,1.0,1.0,1.0,0.0,1.0,0.0,1.0
9/21/2025,2025,3,False,SF,16.0,15.0,ARI,SF,-2.0,45.5,Levi's Stadium,False,72.0,7.0,65.0,,ARI @ SF,3,-1.5,ARI,0.0,0.0,0.0,1.0,0.0,0.0,1.0,0.0,1.0,0.0,0.0,0.0,0.0
9/21/2025,2025,3,False,CAR,30.0,0.0,ATL,ATL,-4.5,44,Bank of America Stadium,False,83.0,5.0,51.0,,ATL @ CAR,3,5.5,CAR,1.0,1.0,0.0,0.0,0.0,0.0,0.0,0.0,0.0,0.0,1.0,0.0,1.0
9/21/2025,2025,3,False,MIN,48.0,10.0,CIN,MIN,-3.0,41.5,U.S. Bank Stadium,False,72.0,0.0,,indoor,CIN @ MIN,3,-2.5,MIN,1.0,1.0,1.0,1.0,1.0,0.0,1.0,1.0,0.0,0.0,1.0,1.0,0.0
9/21/2025,2025,3,False,CHI,31.0,14.0,DAL,DAL,-1.0,50,Soldier Field,False,82.0,4.0,48.0,,DAL @ CHI,3,0.5,CHI,0.0,0.0,1.0,1.0,0.0,0.0,0.0,0.0,0.0,0.0,1.0,0.0,0.0
9/21/2025,2025,3,False,LAC,23.0,20.0,DEN,LAC,-3.0,43.5,SoFi Stadium,False,72.0,0.0,,indoor,DEN @ LAC,3,-2.5,LAC,1.0,1.0,1.0,0.0,1.0,0.0,1.0,1.0,1.0,1.0,1.0,1.0,1.0
9/22/2025,2025,3,False,BAL,30.0,38.0,DET,BAL,-4.0,53,M&T Bank Stadium,False,74.0,7.0,64.0,,DET @ BAL,3,-5.5,DET,0.0,1.0,0.0,0.0,0.0,1.0,0.0,0.0,1.0,1.0,1.0,1.0,1.0
9/21/2025,2025,3,False,CLE,13.0,10.0,GB,GB,-7.5,41,Huntington Bank Field,False,79.0,10.0,53.0,,GB @ CLE,3,8.5,CLE,1.0,1.0,0.0,0.0,0.0,0.0,0.0,0.0,0.0,0.0,0.0,0.0,0.0
9/21/2025,2025,3,False,JAX,17.0,10.0,HOU,JAX,-1.0,43.5,TIAA Bank Field,False,85.0,11.0,59.0,,HOU @ JAX,3,-0.5,JAX,1.0,0.0,0.0,1.0,0.0,1.0,0.0,1.0,1.0,0.0,1.0,0.0,1.0
9/21/2025,2025,3,False,TEN,20.0,41.0,IND,IND,-4.5,43.5,Nissan Stadium,False,84.0,8.0,49.0,,IND @ TEN,3,3.5,IND,1.0,1.0,1.0,1.0,1.0,1.0,1.0,1.0,1.0,1.0,1.0,1.0,1.0
9/21/2025,2025,3,False,NYG,9.0,22.0,KC,KC,-6.0,44.5,MetLife Stadium,False,65.0,5.0,56.0,,KC @ NYG,3,6.5,KC,1.0,0.0,1.0,1.0,1.0,1.0,1.0,1.0,0.0,1.0,0.0,1.0,1.0
9/21/2025,2025,3,False,PHI,33.0,26.0,LAR,PHI,-3.0,44.5,Lincoln Financial Field,False,73.0,9.0,47.0,,LAR @ PHI,3,-3.5,PHI,1.0,1.0,1.0,1.0,1.0,1.0,1.0,1.0,1.0,1.0,1.0,1.0,0.0
9/21/2025,2025,3,False,WAS,41.0,24.0,LV,WAS,-3.0,43.5,Northwest Stadium,False,72.0,6.0,72.0,,LV @ WAS,3,-3.5,WAS,1.0,1.0,1.0,0.0,1.0,0.0,0.0,1.0,1.0,1.0,0.0,1.0,1.0
9/18/2025,2025,3,False,BUF,31.0,21.0,MIA,BUF,-12.0,50,Highmark Stadium,False,68.0,7.0,71.0,,MIA @ BUF,3,-12.5,MIA,1.0,1.0,0.0,0.0,0.0,0.0,1.0,0.0,0.0,1.0,0.0,0.0,0.0
9/21/2025,2025,3,False,SEA,44.0,13.0,NO,SEA,-7.0,41.5,Lumen Field,False,63.0,3.0,84.0,,NO @ SEA,3,-7.5,SEA,1.0,1.0,1.0,0.0,1.0,1.0,0.0,1.0,1.0,0.0,1.0,1.0,0.0
9/21/2025,2025,3,False,TB,29.0,27.0,NYJ,TB,-6.5,43,Raymond James Stadium,False,88.0,5.0,55.0,,NYJ @ TB,3,-7.5,NYJ,1.0,0.0,0.0,0.0,0.0,0.0,0.0,0.0,0.0,0.0,0.0,1.0,0.0
9/21/2025,2025,3,False,NE,14.0,21.0,PIT,PIT,-1.5,44.5,Gillette Stadium,False,66.0,5.0,54.0,,PIT @ NE,3,1.5,PIT,1.0,0.0,0.0,1.0,0.0,0.0,0.0,1.0,1.0,0.0,0.0,0.0,1.0
9/28/2025,2025,4,False,KC,37.0,20.0,BAL,BAL,-2.5,48.5,GEHA Field at Arrowhead Stadium,False,89.0,10.0,38.0,,BAL @ KC,4,2.5,KC,0.0,0.0,0.0,1.0,0.0,1.0,1.0,0.0,0.0,0.0,0.0,0.0,0.0
9/28/2025,2025,4,False,NE,42.0,13.0,CAR,NE,-5.0,43,Gillette Stadium,False,76.0,7.0,70.0,,CAR @ NE,4,-5.5,NE,1.0,0.0,1.0,1.0,1.0,0.0,1.0,1.0,0.0,1.0,1.0,1.0,0.0
9/28/2025,2025,4,False,LV,24.0,25.0,CHI,PICK,0.0,47.5,Allegiant Stadium,False,72.0,0.0,,indoor,CHI @ LV,4,-0.5,CHI,1.0,1.0,1.0,1.0,1.0,1.0,1.0,0.0,0.0,1.0,1.0,1.0,1.0
9/29/2025,2025,4,False,DEN,28.0,3.0,CIN,DEN,-7.5,44,Empower Field at Mile High,False,66.0,12.0,55.0,rain,CIN @ DEN,4,-7.5,DEN,1.0,1.0,1.0,1.0,0.0,0.0,0.0,1.0,1.0,0.0,1.0,0.0,0.0
9/28/2025,2025,4,False,DET,34.0,10.0,CLE,DET,-10.0,44,Ford Field,False,72.0,0.0,,indoor,CLE @ DET,4,-9.5,DET,1.0,1.0,1.0,1.0,0.0,0.0,1.0,1.0,0.0,1.0,1.0,0.0,1.0
9/28/2025,2025,4,False,DAL,40.0,40.0,GB,GB,-6.5,46.5,AT&T Stadium,False,72.0,0.0,,indoor,GB @ DAL,4,6.5,DAL,0.0,1.0,0.0,0.0,0.0,0.0,0.0,0.0,0.0,0.0,0.0,1.0,0.0
9/28/2025,2025,4,False,LAR,27.0,20.0,IND,LAR,-3.5,49.5,SoFi Stadium,False,72.0,0.0,,indoor,IND @ LAR,4,-3.5,LAR,1.0,1.0,1.0,0.0,1.0,0.0,0.0,1.0,0.0,1.0,1.0,0.0,0.0
9/28/2025,2025,4,False,SF,21.0,26.0,JAX,SF,-3.5,46,Levi's Stadium,False,72.0,7.0,72.0,,JAX @ SF,4,-3.5,JAX,0.0,0.0,0.0,0.0,0.0,0.0,0.0,0.0,1.0,0.0,0.0,1.0,0.0
9/28/2025,2025,4,False,NYG,21.0,18.0,LAC,LAC,-6.5,43.5,MetLife Stadium,False,81.0,4.0,53.0,,LAC @ NYG,4,5.5,NYG,0.0,0.0,0.0,0.0,0.0,1.0,0.0,0.0,0.0,0.0,0.0,0.0,0.0
9/28/2025,2025,4,False,PIT,24.0,21.0,MIN,MIN,-2.5,41,Croke Park,True,61.0,5.0,70.0,,MIN @ PIT,4,2.5,PIT,0.0,1.0,1.0,0.0,1.0,0.0,1.0,0.0,1.0,1.0,0.0,1.0,1.0
9/28/2025,2025,4,False,BUF,31.0,19.0,NO,BUF,-15.5,47.5,Highmark Stadium,False,73.0,7.0,56.0,,NO @ BUF,4,-16.5,NO,1.0,0.0,1.0,1.0,0.0,1.0,1.0,0.0,0.0,1.0,1.0,0.0,1.0
9/29/2025,2025,4,False,MIA,27.0,21.0,NYJ,MIA,-2.5,44.5,Hard Rock Stadium,False,88.0,17.0,57.0,,NYJ @ MIA,4,-2.5,MIA,0.0,0.0,0.0,0.0,1.0,0.0,1.0,1.0,1.0,1.0,1.0,1.0,0.0
9/28/2025,2025,4,False,TB,25.0,31.0,PHI,PHI,-3.5,44,Raymond James Stadium,False,88.0,6.0,61.0,,PHI @ TB,4,3.5,PHI,1.0,0.0,1.0,0.0,0.0,0.0,1.0,1.0,0.0,0.0,1.0,0.0,1.0
9/25/2025,2025,4,False,ARI,20.0,23.0,SEA,SEA,-1.5,43,State Farm Stadium,False,72.0,0.0,,indoor,SEA @ ARI,4,-0.5,SEA,1.0,0.0,1.0,1.0,1.0,1.0,0.0,0.0,1.0,1.0,1.0,1.0,1.0
9/28/2025,2025,4,False,HOU,26.0,0.0,TEN,HOU,-7.0,39.5,NRG Stadium,False,72.0,0.0,,indoor,TEN @ HOU,4,-7.5,HOU,0.0,1.0,0.0,0.0,0.0,0.0,1.0,1.0,1.0,0.0,0.0,0.0,0.0
9/28/2025,2025,4,False,ATL,34.0,27.0,WAS,ATL,-1.5,43.5,Mercedes-Benz Stadium,False,72.0,0.0,,indoor,WAS @ ATL,4,2.5,ATL,1.0,1.0,1.0,0.0,0.0,0.0,0.0,0.0,0.0,0.0,1.0,0.0,0.0
10/5/2025,2025,5,False,NYJ,22.0,37.0,DAL,DAL,-1.5,48,MetLife Stadium,False,82.0,3.0,46.0,,DAL @ NYJ,5,2.5,DAL,1.0,0.0,1.0,0.0,1.0,1.0,1.0,1.0,1.0,1.0,1.0,1.0,0.0
10/5/2025,2025,5,False,PHI,17.0,21.0,DEN,PHI,-4.0,43.5,Lincoln Financial Field,False,80.0,6.0,43.0,,DEN @ PHI,5,-3.5,DEN,0.0,0.0,0.0,0.0,1.0,1.0,1.0,0.0,0.0,0.0,1.0,1.0,0.0
10/5/2025,2025,5,False,CIN,24.0,37.0,DET,DET,-10.5,49.5,Paycor Stadium,False,84.0,7.0,39.0,,DET @ CIN,5,9.5,DET,1.0,1.0,1.0,0.0,1.0,1.0,0.0,1.0,1.0,1.0,1.0,1.0,1.0
10/5/2025,2025,5,False,BAL,10.0,44.0,HOU,HOU,-1.0,40.5,M&T Bank Stadium,False,78.0,2.0,45.0,,HOU @ BAL,5,-3.5,HOU,1.0,0.0,0.0,0.0,0.0,1.0,0.0,0.0,1.0,0.0,1.0,0.0,0.0
10/6/2025,2025,5,False,JAX,31.0,28.0,KC,KC,-3.5,45.5,EverBank Stadium,False,80.0,12.0,79.0,,KC @ JAX,5,3.5,JAX,0.0,1.0,0.0,1.0,0.0,0.0,0.0,0.0,0.0,0.0,0.0,0.0,1.0
10/5/2025,2025,5,False,IND,40.0,6.0,LV,IND,-7.0,48,Lucas Oil Stadium,False,72.0,0.0,,indoor,LV @ IND,5,-6.5,IND,1.0,1.0,1.0,1.0,1.0,1.0,1.0,1.0,1.0,1.0,1.0,1.0,1.0
10/5/2025,2025,5,False,CAR,27.0,24.0,MIA,MIA,-1.0,44,Bank of America Stadium,False,77.0,8.0,57.0,,MIA @ CAR,5,-0.5,CAR,0.0,1.0,1.0,0.0,1.0,1.0,1.0,1.0,0.0,1.0,0.0,0.0,0.0
10/5/2025,2025,5,False,CLE,17.0,21.0,MIN,MIN,-3.5,35.5,Tottenham Hotspur Stadium,True,61.0,14.0,48.0,,MIN @ CLE,5,3.5,MIN,1.0,1.0,0.0,1.0,0.0,0.0,1.0,1.0,0.0,1.0,1.0,0.0,1.0
10/5/2025,2025,5,False,BUF,20.0,23.0,NE,BUF,-9.0,48.5,Highmark Stadium,False,66.0,3.0,58.0,,NE @ BUF,5,-7.5,NE,0.0,0.0,1.0,0.0,1.0,0.0,0.0,0.0,0.0,0.0,0.0,1.0,0.0
10/5/2025,2025,5,False,NO,26.0,14.0,NYG,NO,-2.0,42,Caesars Superdome,False,72.0,0.0,,indoor,NYG @ NO,5,-1.5,NO,0.0,0.0,0.0,0.0,0.0,0.0,0.0,1.0,0.0,1.0,0.0,0.0,1.0
10/2/2025,2025,5,False,LAR,23.0,26.0,SF,LAR,-9.0,45,SoFi Stadium,False,72.0,0.0,,indoor,SF @ LAR,5,-5.5,SF,0.0,0.0,0.0,1.0,0.0,0.0,1.0,0.0,0.0,0.0,0.0,1.0,0.0
10/5/2025,2025,5,False,SEA,35.0,38.0,TB,SEA,-3.5,44.5,Lumen Field,False,61.0,8.0,73.0,,TB @ SEA,5,-3.5,TB,0.0,1.0,1.0,1.0,1.0,1.0,1.0,0.0,0.0,0.0,1.0,1.0,0.0
10/5/2025,2025,5,False,ARI,21.0,22.0,TEN,ARI,-7.5,41,State Farm Stadium,False,72.0,0.0,,indoor,TEN @ ARI,5,-8.5,TEN,0.0,0.0,0.0,0.0,1.0,1.0,1.0,0.0,0.0,0.0,1.0,0.0,0.0
10/5/2025,2025,5,False,LAC,10.0,27.0,WAS,LAC,-3.0,47,SoFi Stadium,False,72.0,0.0,,indoor,WAS @ LAC,5,-2.5,WAS,0.0,0.0,0.0,0.0,0.0,0.0,0.0,0.0,1.0,0.0,0.0,0.0,1.0
10/12/2025,2025,6,False,IND,31.0,27.0,ARI,IND,-9.5,46.5,Lucas Oil Stadium,False,72.0,0.0,,indoor,ARI @ IND,6,-6.5,ARI,0.0,0.0,0.0,0.0,0.0,0.0,0.0,0.0,1.0,0.0,0.0,0.0,0.0
10/13/2025,2025,6,False,ATL,24.0,14.0,BUF,BUF,-4.0,50,Mercedes-Benz Stadium,False,72.0,0.0,,indoor,BUF @ ATL,6,3.5,ATL,0.0,0.0,0.0,0.0,0.0,0.0,0.0,0.0,0.0,0.0,0.0,0.0,0.0
10/14/2025,2025,6,False,WAS,24.0,25.0,CHI,WAS,-5.5,49.5,Northwest Stadium,False,59.0,12.0,82.0,,CHI @ WAS,6,-4.5,CHI,0.0,0.0,1.0,0.0,0.0,0.0,0.0,0.0,0.0,0.0,0.0,1.0,0.0
10/12/2025,2025,6,False,GB,27.0,18.0,CIN,GB,-14.0,45,Lambeau Field,False,64.0,14.0,56.0,,CIN @ GB,6,-14.5,CIN,0.0,0.0,0.0,1.0,1.0,1.0,1.0,0.0,0.0,1.0,1.0,0.0,0.0
10/12/2025,2025,6,False,PIT,23.0,9.0,CLE,PIT,-6.0,38,Acrisure Stadium,False,64.0,8.0,77.0,,CLE @ PIT,6,-5.5,PIT,0.0,0.0,1.0,1.0,1.0,1.0,1.0,1.0,0.0,1.0,1.0,1.0,1.0
10/12/2025,2025,6,False,CAR,30.0,27.0,DAL,DAL,-3.0,48.5,Bank of America Stadium,False,68.0,15.0,71.0,,DAL @ CAR,6,3.5,CAR,0.0,1.0,0.0,1.0,0.0,1.0,0.0,0.0,0.0,0.0,0.0,0.0,1.0
10/12/2025,2025,6,False,NYJ,11.0,13.0,DEN,DEN,-7.0,43.5,Tottenham Hotspur Stadium,True,59.0,6.0,69.0,,DEN @ NYJ,6,7.5,NYJ,0.0,1.0,0.0,0.0,1.0,0.0,0.0,0.0,0.0,1.0,0.0,0.0,1.0
10/13/2025,2025,6,False,KC,30.0,17.0,DET,KC,-2.5,53,GEHA Field at Arrowhead Stadium,False,85.0,13.0,37.0,,DET @ KC,6,-2.5,KC,0.0,0.0,0.0,0.0,1.0,1.0,1.0,1.0,0.0,1.0,0.0,0.0,0.0
10/12/2025,2025,6,False,MIA,27.0,29.0,LAC,LAC,-4.0,43.5,Hard Rock Stadium,False,85.0,4.0,62.0,,LAC @ MIA,6,4.5,MIA,0.0,0.0,0.0,0.0,0.0,0.0,0.0,0.0,0.0,1.0,1.0,0.0,1.0
10/12/2025,2025,6,False,BAL,3.0,17.0,LAR,LAR,-7.0,44.5,M&T Bank Stadium,False,64.0,15.0,66.0,rain,LAR @ BAL,6,7.5,LAR,1.0,0.0,1.0,1.0,0.0,1.0,0.0,1.0,1.0,0.0,1.0,0.0,0.0
10/12/2025,2025,6,False,NO,19.0,25.0,NE,NE,-3.5,46,Caesars Superdome,False,72.0,0.0,,indoor,NE @ NO,6,3.5,NE,1.0,1.0,1.0,1.0,1.0,1.0,1.0,1.0,0.0,1.0,1.0,1.0,0.0
10/9/2025,2025,6,False,NYG,34.0,17.0,PHI,PHI,-8.0,40,MetLife Stadium,False,53.0,3.0,31.0,,PHI @ NYG,6,7.5,NYG,1.0,1.0,0.0,0.0,1.0,1.0,0.0,0.0,1.0,0.0,1.0,1.0,0.0
10/12/2025,2025,6,False,JAX,12.0,20.0,SEA,PICK,0.0,47.5,EverBank Stadium,False,76.0,8.0,59.0,,SEA @ JAX,6,-1.5,SEA,1.0,0.0,0.0,0.0,0.0,1.0,0.0,0.0,0.0,1.0,1.0,1.0,0.0
10/12/2025,2025,6,False,TB,30.0,19.0,SF,TB,-3.0,47,Raymond James Stadium,False,82.0,10.0,49.0,,SF @ TB,6,-2.5,TB,0.0,1.0,0.0,1.0,1.0,1.0,1.0,1.0,0.0,1.0,1.0,0.0,1.0
10/12/2025,2025,6,False,LV,20.0,10.0,TEN,LV,-4.0,42,Allegiant Stadium,False,72.0,0.0,,indoor,TEN @ LV,6,-4.5,LV,1.0,0.0,0.0,0.0,0.0,0.0,1.0,1.0,1.0,1.0,1.0,0.0,1.0
10/20/2025,2025,7,False,SF,20.0,10.0,ATL,SF,-2.0,47,Levi's Stadium,False,74.0,5.0,49.0,,ATL @ SF,7,-2.5,SF,1.0,0.0,1.0,1.0,0.0,0.0,0.0,1.0,0.0,1.0,1.0,1.0,0.0
10/19/2025,2025,7,False,NYJ,6.0,13.0,CAR,CAR,-1.0,41,MetLife Stadium,False,71.0,13.0,70.0,,CAR @ NYJ,7,1.5,CAR,1.0,0.0,1.0,1.0,1.0,1.0,1.0,1.0,1.0,1.0,1.0,0.0,1.0
10/19/2025,2025,7,False,ARI,23.0,27.0,GB,GB,-7.0,44.5,State Farm Stadium,False,72.0,0.0,,indoor,GB @ ARI,7,6.5,ARI,0.0,1.0,0.0,0.0,0.0,1.0,0.0,0.0,0.0,0.0,1.0,0.0,0.0
10/21/2025,2025,7,False,SEA,27.0,19.0,HOU,SEA,-3.0,41,Lumen Field,False,56.0,5.0,54.0,,HOU @ SEA,7,-3.5,SEA,1.0,1.0,1.0,1.0,1.0,1.0,1.0,1.0,1.0,1.0,1.0,1.0,1.0
10/19/2025,2025,7,False,LAC,24.0,38.0,IND,LAC,-3.0,44,SoFi Stadium,False,72.0,0.0,,indoor,IND @ LAC,7,-1.5,IND,1.0,0.0,1.0,1.0,1.0,1.0,1.0,0.0,1.0,1.0,1.0,1.0,1.0
10/19/2025,2025,7,False,JAX,7.0,35.0,LAR,LAR,-3.0,44,Wembley Stadium,True,59.0,9.0,95.0,rain,LAR @ JAX,7,2.5,LAR,1.0,1.0,0.0,1.0,0.0,1.0,1.0,1.0,0.0,0.0,0.0,0.0,1.0
10/19/2025,2025,7,False,KC,31.0,0.0,LV,KC,-12.0,45.5,GEHA Field at Arrowhead Stadium,False,57.0,9.0,41.0,,LV @ KC,7,-11.5,KC,0.0,1.0,1.0,0.0,0.0,1.0,0.0,1.0,0.0,1.0,1.0,1.0,1.0
10/19/2025,2025,7,False,CLE,31.0,6.0,MIA,CLE,-2.5,35.5,Huntington Bank Field,False,65.0,17.0,85.0,rain,MIA @ CLE,7,-2.5,CLE,0.0,0.0,1.0,1.0,1.0,0.0,1.0,1.0,1.0,1.0,1.0,1.0,1.0
10/19/2025,2025,7,False,TEN,13.0,31.0,NE,NE,-7.0,42,Nissan Stadium,False,60.0,18.0,78.0,,NE @ TEN,7,7.5,NE,0.0,1.0,1.0,1.0,0.0,1.0,1.0,1.0,1.0,1.0,0.0,1.0,1.0
10/19/2025,2025,7,False,CHI,26.0,14.0,NO,CHI,-4.0,45.5,Soldier Field,False,49.0,8.0,87.0,,NO @ CHI,7,-5.5,CHI,0.0,1.0,1.0,1.0,0.0,0.0,1.0,1.0,1.0,1.0,1.0,1.0,1.0
10/19/2025,2025,7,False,DEN,33.0,32.0,NYG,DEN,-7.5,40.5,Empower Field at Mile High,False,72.0,3.0,17.0,,NYG @ DEN,7,-6.5,NYG,1.0,0.0,1.0,0.0,0.0,1.0,0.0,0.0,0.0,1.0,0.0,1.0,0.0
10/19/2025,2025,7,False,MIN,22.0,28.0,PHI,PHI,-1.5,44,U.S. Bank Stadium,False,72.0,0.0,,indoor,PHI @ MIN,7,2.5,PHI,1.0,0.0,1.0,0.0,1.0,0.0,1.0,1.0,0.0,1.0,1.0,0.0,1.0
10/17/2025,2025,7,False,CIN,33.0,31.0,PIT,PIT,-5.5,44.5,Paycor Stadium,False,60.0,5.0,74.0,,PIT @ CIN,7,5.5,CIN,0.0,0.0,0.0,0.0,1.0,1.0,0.0,0.0,1.0,0.0,1.0,1.0,0.0
10/20/2025,2025,7,False,DET,24.0,9.0,TB,DET,-6.0,53,Ford Field,False,72.0,0.0,,indoor,TB @ DET,7,-4.5,DET,1.0,1.0,1.0,1.0,0.0,0.0,0.0,1.0,0.0,0.0,1.0,0.0,1.0
10/19/2025,2025,7,False,DAL,44.0,22.0,WAS,DAL,-1.0,54,AT&T Stadium,False,72.0,0.0,,indoor,WAS @ DAL,7,2.5,DAL,1.0,1.0,1.0,1.0,0.0,1.0,0.0,0.0,0.0,0.0,1.0,0.0,1.0
10/26/2025,2025,8,False,CAR,9.0,40.0,BUF,BUF,-7.0,46.5,Bank of America Stadium,False,63.0,9.0,36.0,,BUF @ CAR,8,7.5,BUF,0.0,1.0,1.0,0.0,1.0,0.0,0.0,1.0,0.0,1.0,1.0,1.0,1.0
10/26/2025,2025,8,False,BAL,30.0,16.0,CHI,BAL,-2.5,45,M&T Bank Stadium,False,60.0,2.0,38.0,,CHI @ BAL,8,-6.5,BAL,0.0,0.0,0.0,0.0,0.0,0.0,0.0,1.0,0.0,1.0,0.0,0.0,1.0
10/26/2025,2025,8,False,NE,32.0,13.0,CLE,NE,-7.0,41,Gillette Stadium,False,53.0,7.0,52.0,,CLE @ NE,8,-6.5,NE,1.0,1.0,1.0,1.0,1.0,0.0,1.0,1.0,1.0,1.0,1.0,1.0,0.0
10/26/2025,2025,8,False,DEN,44.0,24.0,DAL,DEN,-3.5,51,Empower Field at Mile High,False,67.0,4.0,25.0,,DAL @ DEN,8,-3.5,DEN,1.0,0.0,0.0,1.0,1.0,0.0,1.0,1.0,1.0,1.0,1.0,0.0,1.0
10/27/2025,2025,8,False,PIT,25.0,35.0,GB,GB,-3.0,45.5,Acrisure Stadium,False,46.0,5.0,56.0,,GB @ PIT,8,3.5,GB,1.0,0.0,1.0,1.0,1.0,0.0,0.0,1.0,1.0,1.0,1.0,0.0,0.0
10/26/2025,2025,8,False,ATL,10.0,34.0,MIA,ATL,-7.0,44.5,Mercedes-Benz Stadium,False,72.0,0.0,,indoor,MIA @ ATL,8,-7.5,MIA,1.0,0.0,0.0,0.0,0.0,0.0,0.0,0.0,0.0,0.0,1.0,0.0,0.0
10/24/2025,2025,8,False,LAC,37.0,10.0,MIN,LAC,-3.5,44.5,SoFi Stadium,False,72.0,0.0,,indoor,MIN @ LAC,8,-3.5,LAC,0.0,1.0,1.0,1.0,1.0,1.0,1.0,1.0,1.0,1.0,1.0,0.0,1.0
10/26/2025,2025,8,False,PHI,38.0,20.0,NYG,PHI,-7.0,44,Lincoln Financial Field,False,60.0,4.0,41.0,,NYG @ PHI,8,-7.5,PHI,1.0,1.0,1.0,0.0,0.0,0.0,1.0,1.0,0.0,1.0,0.0,0.0,1.0
10/26/2025,2025,8,False,CIN,38.0,39.0,NYJ,CIN,-6.5,44.5,Paycor Stadium,False,57.0,8.0,48.0,,NYJ @ CIN,8,-6.5,NYJ,1.0,1.0,0.0,1.0,0.0,0.0,0.0,0.0,0.0,0.0,1.0,0.0,0.0
10/26/2025,2025,8,False,HOU,26.0,15.0,SF,HOU,-2.0,42,NRG Stadium,False,72.0,0.0,,indoor,SF @ HOU,8,-0.5,HOU,1.0,0.0,0.0,0.0,0.0,1.0,0.0,1.0,0.0,1.0,0.0,0.0,0.0
10/26/2025,2025,8,False,NO,3.0,23.0,TB,TB,-3.5,46.5,Caesars Superdome,False,72.0,0.0,,indoor,TB @ NO,8,4.5,TB,1.0,1.0,1.0,1.0,1.0,1.0,1.0,1.0,1.0,1.0,1.0,1.0,1.0
10/26/2025,2025,8,False,IND,38.0,14.0,TEN,IND,-14.5,48.5,Lucas Oil Stadium,False,72.0,0.0,,indoor,TEN @ IND,8,-14.5,IND,0.0,1.0,1.0,0.0,0.0,0.0,0.0,1.0,1.0,1.0,0.0,1.0,1.0
10/28/2025,2025,8,False,KC,28.0,7.0,WAS,KC,-11.0,48,GEHA Field at Arrowhead Stadium,False,54.0,8.0,94.0,,WAS @ KC,8,-10.5,KC,1.0,1.0,1.0,0.0,1.0,1.0,0.0,1.0,0.0,1.0,1.0,1.0,1.0
11/4/2025,2025,9,False,DAL,17.0,27.0,ARI,DAL,-3.0,53.5,AT&T Stadium,False,72.0,0.0,,indoor,ARI @ DAL,9,-2.5,ARI,0.0,0.0,0.0,0.0,0.0,0.0,0.0,0.0,0.0,0.0,0.0,0.0,0.0
11/2/2025,2025,9,False,NE,24.0,23.0,ATL,NE,-5.0,45,Gillette Stadium,False,52.0,7.0,51.0,,ATL @ NE,9,-5.5,ATL,0.0,1.0,1.0,0.0,0.0,0.0,0.0,0.0,1.0,0.0,0.0,0.0,0.0
10/31/2025,2025,9,False,MIA,6.0,28.0,BAL,BAL,-7.5,51,Hard Rock Stadium,False,73.0,5.0,57.0,,BAL @ MIA,9,7.5,BAL,1.0,1.0,1.0,1.0,1.0,1.0,1.0,1.0,1.0,1.0,1.0,1.0,1.0
11/2/2025,2025,9,False,GB,13.0,16.0,CAR,GB,-13.0,43,Lambeau Field,False,47.0,15.0,53.0,,CAR @ GB,9,-12.5,CAR,1.0,1.0,0.0,1.0,1.0,1.0,1.0,0.0,0.0,1.0,1.0,0.0,0.0
11/2/2025,2025,9,False,CIN,42.0,47.0,CHI,CHI,-2.5,51.5,Paycor Stadium,False,50.0,6.0,74.0,,CHI @ CIN,9,2.5,CHI,0.0,0.0,0.0,0.0,1.0,1.0,1.0,1.0,0.0,1.0,0.0,0.0,1.0
11/2/2025,2025,9,False,HOU,15.0,18.0,DEN,HOU,-2.5,40.5,NRG Stadium,False,72.0,0.0,,indoor,DEN @ HOU,9,-1.5,DEN,1.0,1.0,1.0,1.0,1.0,1.0,1.0,0.0,1.0,1.0,1.0,1.0,1.0
11/2/2025,2025,9,False,PIT,27.0,20.0,IND,IND,-3.0,51.5,Acrisure Stadium,False,56.0,2.0,66.0,,IND @ PIT,9,3.5,PIT,1.0,1.0,0.0,0.0,1.0,0.0,1.0,0.0,0.0,1.0,1.0,0.0,0.0
11/2/2025,2025,9,False,LV,29.0,30.0,JAX,JAX,-2.5,44,Allegiant Stadium,False,72.0,0.0,,indoor,JAX @ LV,9,3.5,LV,0.0,1.0,0.0,0.0,0.0,0.0,0.0,0.0,0.0,0.0,0.0,1.0,0.0
11/2/2025,2025,9,False,BUF,28.0,21.0,KC,KC,-1.5,52.5,Highmark Stadium,False,54.0,6.0,55.0,,KC @ BUF,9,1.5,BUF,0.0,1.0,1.0,1.0,0.0,0.0,1.0,0.0,1.0,0.0,0.0,0.0,0.0
11/2/2025,2025,9,False,TEN,20.0,27.0,LAC,LAC,-9.5,43.5,Nissan Stadium,False,46.0,5.0,84.0,,LAC @ TEN,9,10.5,TEN,0.0,0.0,1.0,0.0,1.0,1.0,0.0,0.0,0.0,1.0,0.0,0.0,0.0
11/2/2025,2025,9,False,DET,24.0,27.0,MIN,DET,-9.5,48,Ford Field,False,72.0,0.0,,indoor,MIN @ DET,9,-8.5,MIN,0.0,0.0,0.0,0.0,0.0,0.0,1.0,0.0,0.0,0.0,0.0,0.0,0.0
11/2/2025,2025,9,False,LAR,34.0,10.0,NO,LAR,-14.0,44,SoFi Stadium,False,72.0,0.0,,indoor,NO @ LAR,9,-13.5,LAR,1.0,1.0,1.0,1.0,0.0,1.0,0.0,1.0,0.0,0.0,1.0,0.0,1.0
11/3/2025,2025,9,False,WAS,14.0,38.0,SEA,SEA,-3.0,48,Northwest Stadium,False,53.0,3.0,70.0,,SEA @ WAS,9,3.5,SEA,1.0,1.0,1.0,1.0,1.0,1.0,1.0,1.0,1.0,1.0,1.0,1.0,1.0
11/2/2025,2025,9,False,NYG,24.0,34.0,SF,SF,-2.5,48.5,MetLife Stadium,False,56.0,5.0,47.0,,SF @ NYG,9,2.5,SF,1.0,1.0,1.0,1.0,0.0,1.0,1.0,1.0,1.0,1.0,1.0,1.0,1.0
11/9/2025,2025,10,False,SEA,44.0,22.0,ARI,SEA,-7.0,45.5,Lumen Field,False,59.0,5.0,72.0,,ARI @ SEA,10,-6.5,SEA,1.0,1.0,0.0,1.0,1.0,1.0,1.0,1.0,1.0,1.0,1.0,0.0,1.0
11/9/2025,2025,10,False,IND,31.0,25.0,ATL,IND,-6.5,48,Olympiastadion,True,46.0,2.0,80.0,,ATL @ IND,10,-5.5,IND,1.0,1.0,1.0,1.0,1.0,1.0,1.0,1.0,1.0,1.0,1.0,1.0,1.0
11/9/2025,2025,10,False,MIN,19.0,27.0,BAL,BAL,-4.0,49,U.S. Bank Stadium,False,72.0,0.0,,indoor,BAL @ MIN,10,3.5,BAL,1.0,1.0,1.0,1.0,1.0,1.0,1.0,1.0,0.0,1.0,1.0,1.0,1.0
11/9/2025,2025,10,False,MIA,30.0,13.0,BUF,BUF,-9.5,50,Hard Rock Stadium,False,84.0,6.0,68.0,,BUF @ MIA,10,9.5,MIA,0.0,0.0,0.0,0.0,0.0,0.0,0.0,0.0,0.0,0.0,1.0,0.0,0.0
11/9/2025,2025,10,False,NYJ,27.0,20.0,CLE,CLE,-1.5,37.5,MetLife Stadium,False,62.0,12.0,78.0,rain,CLE @ NYJ,10,-1.5,NYJ,0.0,0.0,1.0,0.0,0.0,0.0,1.0,1.0,0.0,0.0,0.0,0.0,0.0
11/9/2025,2025,10,False,WAS,22.0,44.0,DET,DET,-8.0,49,Northwest Stadium,False,64.0,9.0,82.0,,DET @ WAS,10,8.5,DET,1.0,1.0,1.0,1.0,1.0,0.0,0.0,1.0,1.0,1.0,1.0,1.0,1.0
11/9/2025,2025,10,False,HOU,36.0,29.0,JAX,PICK,0.0,37.5,NRG Stadium,False,72.0,0.0,,indoor,JAX @ HOU,10,-1.5,HOU,1.0,0.0,1.0,0.0,1.0,0.0,0.0,1.0,0.0,0.0,0.0,0.0,0.0
11/9/2025,2025,10,False,SF,26.0,42.0,LAR,LAR,-6.0,49.5,Levi's Stadium,False,77.0,3.0,49.0,,LAR @ SF,10,3.5,LAR,0.0,0.0,0.0,0.0,1.0,1.0,1.0,1.0,0.0,0.0,1.0,0.0,0.0
11/7/2025,2025,10,False,DEN,10.0,7.0,LV,DEN,-7.0,43,Empower Field at Mile High,False,60.0,10.0,26.0,,LV @ DEN,10,-8.5,LV,0.0,1.0,0.0,0.0,0.0,1.0,1.0,0.0,0.0,1.0,0.0,0.0,0.0
11/9/2025,2025,10,False,TB,23.0,28.0,NE,TB,-2.5,48,Raymond James Stadium,False,82.0,11.0,74.0,,NE @ TB,10,-2.5,NE,0.0,0.0,1.0,1.0,0.0,0.0,0.0,0.0,0.0,0.0,0.0,1.0,0.0
11/9/2025,2025,10,False,CAR,7.0,17.0,NO,CAR,-5.5,38,Bank of America Stadium,False,73.0,15.0,52.0,,NO @ CAR,10,-5.5,NO,0.0,0.0,1.0,0.0,1.0,0.0,0.0,0.0,0.0,0.0,0.0,0.0,0.0
11/9/2025,2025,10,False,CHI,24.0,20.0,NYG,CHI,-4.5,46.5,Soldier Field,False,33.0,10.0,68.0,snow,NYG @ CHI,10,-3.5,CHI,1.0,1.0,1.0,0.0,1.0,0.0,1.0,1.0,1.0,1.0,1.0,1.0,1.0
11/11/2025,2025,10,False,GB,7.0,10.0,PHI,GB,-1.0,45.5,Lambeau Field,False,33.0,9.0,55.0,,PHI @ GB,10,-2.5,PHI,1.0,1.0,1.0,1.0,0.0,0.0,1.0,0.0,0.0,0.0,1.0,0.0,1.0
11/10/2025,2025,10,False,LAC,25.0,10.0,PIT,LAC,-2.5,44.5,SoFi Stadium,False,72.0,0.0,,indoor,PIT @ LAC,10,-2.5,LAC,1.0,0.0,0.0,0.0,0.0,0.0,0.0,1.0,1.0,0.0,1.0,0.0,1.0
11/16/2025,2025,11,False,CLE,16.0,23.0,BAL,BAL,-9.0,38.5,Huntington Bank Field,False,44.0,20.0,53.0,,BAL @ CLE,11,8.5,CLE,0.0,0.0,1.0,0.0,0.0,0.0,0.0,0.0,0.0,0.0,1.0,0.0,0.0
11/16/2025,2025,11,False,ATL,27.0,30.0,CAR,ATL,-4.0,42,Mercedes-Benz Stadium,False,72.0,0.0,,indoor,CAR @ ATL,11,-3.5,CAR,0.0,1.0,1.0,1.0,0.0,1.0,1.0,0.0,1.0,0.0,0.0,1.0,0.0
11/16/2025,2025,11,False,MIN,17.0,19.0,CHI,MIN,-3.0,48,U.S. Bank Stadium,False,72.0,0.0,,indoor,CHI @ MIN,11,-2.5,CHI,1.0,0.0,1.0,0.0,0.0,0.0,1.0,0.0,0.0,0.0,1.0,1.0,1.0
11/16/2025,2025,11,False,PIT,34.0,12.0,CIN,PIT,-5.5,49,Acrisure Stadium,False,46.0,17.0,50.0,,CIN @ PIT,11,-5.5,PIT,1.0,0.0,1.0,0.0,1.0,0.0,1.0,1.0,1.0,1.0,0.0,1.0,1.0
11/18/2025,2025,11,False,LV,16.0,33.0,DAL,DAL,-3.5,50,Allegiant Stadium,False,72.0,0.0,,indoor,DAL @ LV,11,3.5,DAL,1.0,1.0,1.0,1.0,1.0,0.0,1.0,1.0,0.0,1.0,1.0,1.0,1.0
11/17/2025,2025,11,False,PHI,16.0,9.0,DET,PHI,-3.0,46.5,Lincoln Financial Field,False,45.0,15.0,43.0,,DET @ PHI,11,-2.5,PHI,0.0,0.0,1.0,1.0,0.0,0.0,0.0,1.0,0.0,1.0,0.0,0.0,1.0
11/16/2025,2025,11,False,NYG,20.0,27.0,GB,GB,-7.0,42,MetLife Stadium,False,55.0,17.0,31.0,,GB @ NYG,11,7.5,NYG,0.0,1.0,0.0,1.0,0.0,1.0,0.0,0.0,1.0,0.0,0.0,0.0,0.0
11/16/2025,2025,11,False,TEN,13.0,16.0,HOU,HOU,-6.0,37,Nissan Stadium,False,64.0,8.0,26.0,,HOU @ TEN,11,7.5,TEN,0.0,1.0,0.0,0.0,1.0,0.0,0.0,0.0,1.0,0.0,0.0,0.0,0.0
11/16/2025,2025,11,False,DEN,22.0,19.0,KC,KC,-4.0,45,Empower Field at Mile High,False,70.0,6.0,23.0,,KC @ DEN,11,3.5,DEN,0.0,0.0,1.0,1.0,0.0,0.0,1.0,0.0,1.0,0.0,0.0,1.0,0.0
11/16/2025,2025,11,False,JAX,35.0,6.0,LAC,LAC,-3.0,44,EverBank Stadium,False,74.0,9.0,50.0,,LAC @ JAX,11,2.5,JAX,1.0,0.0,0.0,0.0,1.0,1.0,0.0,0.0,0.0,1.0,0.0,0.0,1.0
11/14/2025,2025,11,False,NE,27.0,14.0,NYJ,NE,-13.0,43,Gillette Stadium,False,39.0,9.0,76.0,,NYJ @ NE,11,-11.5,NE,1.0,0.0,1.0,1.0,1.0,1.0,1.0,1.0,1.0,1.0,1.0,1.0,
11/16/2025,2025,11,False,LAR,21.0,19.0,SEA,LAR,-3.0,48.5,SoFi Stadium,False,72.0,0.0,,indoor,SEA @ LAR,11,-2.5,SEA,1.0,1.0,0.0,1.0,0.0,1.0,0.0,0.0,1.0,0.0,0.0,1.0,0.0
11/16/2025,2025,11,False,ARI,22.0,41.0,SF,SF,-3.5,48.5,State Farm Stadium,False,73.0,10.0,38.0,retractable (open roof),SF @ ARI,11,2.5,SF,1.0,1.0,1.0,1.0,1.0,1.0,1.0,1.0,1.0,1.0,1.0,1.0,1.0
11/16/2025,2025,11,False,BUF,44.0,32.0,TB,BUF,-6.0,46.5,Highmark Stadium,False,38.0,20.0,50.0,,TB @ BUF,11,-5.5,BUF,1.0,1.0,1.0,1.0,0.0,0.0,1.0,1.0,0.0,1.0,0.0,0.0,1.0
11/16/2025,2025,11,False,MIA,16.0,13.0,WAS,MIA,-2.5,47,Santiago Bernabeu Stadium,True,72.0,0.0,,indoor,WAS @ MIA,11,-2.5,MIA,1.0,0.0,1.0,1.0,1.0,1.0,1.0,1.0,1.0,1.0,1.0,0.0,1.0
11/23/2025,2025,12,False,NO,10.0,24.0,ATL,NO,-2.0,40,Caesars Superdome,False,72.0,0.0,,indoor,ATL @ NO,12,-1.5,ATL,0.0,1.0,1.0,1.0,1.0,0.0,1.0,0.0,0.0,0.0,0.0,1.0,1.0
11/21/2025,2025,12,False,HOU,23.0,19.0,BUF,BUF,-6.0,43.5,NRG Stadium,False,72.0,0.0,,indoor,BUF @ HOU,12,5.5,HOU,1.0,0.0,1.0,1.0,1.0,1.0,1.0,0.0,0.0,0.0,1.0,1.0,
11/25/2025,2025,12,False,SF,20.0,9.0,CAR,SF,-7.5,50,Levi's Stadium,False,58.0,3.0,78.0,,CAR @ SF,12,-6.5,SF,1.0,1.0,1.0,0.0,0.0,0.0,0.0,1.0,1.0,1.0,1.0,1.0,1.0
11/23/2025,2025,12,False,LV,10.0,24.0,CLE,LV,-4.0,36,Allegiant Stadium,False,72.0,0.0,,indoor,CLE @ LV,12,-3.5,CLE,1.0,0.0,1.0,0.0,0.0,1.0,1.0,0.0,0.0,0.0,0.0,1.0,1.0
11/23/2025,2025,12,False,KC,23.0,20.0,IND,KC,-3.0,49.5,GEHA Field at Arrowhead Stadium,False,46.0,5.0,93.0,,IND @ KC,12,-3.5,IND,0.0,0.0,0.0,1.0,1.0,0.0,1.0,0.0,1.0,0.0,1.0,1.0,0.0
11/23/2025,2025,12,False,ARI,24.0,27.0,JAX,JAX,-2.5,47.5,State Farm Stadium,False,72.0,0.0,,indoor,JAX @ ARI,12,2.5,JAX,1.0,1.0,0.0,1.0,1.0,0.0,0.0,1.0,1.0,0.0,0.0,1.0,1.0
11/23/2025,2025,12,False,GB,23.0,6.0,MIN,GB,-6.5,41.5,Lambeau Field,False,43.0,10.0,60.0,,MIN @ GB,12,-6.5,GB,1.0,0.0,1.0,1.0,1.0,1.0,0.0,1.0,1.0,1.0,0.0,1.0,1.0
11/23/2025,2025,12,False,CIN,20.0,26.0,NE,NE,-7.5,50,Paycor Stadium,False,54.0,7.0,61.0,,NE @ CIN,12,7.5,CIN,0.0,1.0,0.0,0.0,0.0,0.0,1.0,0.0,0.0,0.0,0.0,0.0,0.0
11/23/2025,2025,12,False,DET,34.0,27.0,NYG,DET,-13.0,50.5,Ford Field,False,72.0,0.0,,indoor,NYG @ DET,12,-10.5,NYG,0.0,0.0,0.0,1.0,1.0,0.0,1.0,0.0,1.0,0.0,0.0,0.0,0.0
11/23/2025,2025,12,False,BAL,23.0,10.0,NYJ,BAL,-14.0,44,M&T Bank Stadium,False,54.0,3.0,69.0,,NYJ @ BAL,12,-13.5,NYJ,1.0,0.0,0.0,1.0,1.0,1.0,1.0,0.0,1.0,1.0,0.0,0.0,0.0
11/23/2025,2025,12,False,DAL,24.0,21.0,PHI,PHI,-3.0,47.5,AT&T Stadium,False,72.0,0.0,,indoor,PHI @ DAL,12,3.5,DAL,0.0,1.0,0.0,0.0,0.0,0.0,1.0,0.0,0.0,0.0,0.0,0.0,0.0
11/23/2025,2025,12,False,CHI,31.0,28.0,PIT,CHI,-2.5,46.5,Soldier Field,False,51.0,3.0,58.0,,PIT @ CHI,12,-2.5,CHI,0.0,1.0,1.0,0.0,0.0,1.0,0.0,1.0,0.0,0.0,1.0,0.0,0.0
11/23/2025,2025,12,False,TEN,24.0,30.0,SEA,SEA,-12.0,40.5,Nissan Stadium,False,55.0,1.0,64.0,,SEA @ TEN,12,13.5,TEN,0.0,0.0,1.0,0.0,1.0,0.0,1.0,0.0,0.0,0.0,0.0,0.0,0.0
11/24/2025,2025,12,False,LAR,34.0,7.0,TB,LAR,-7.0,49.5,SoFi Stadium,False,72.0,0.0,,indoor,TB @ LAR,12,-6.5,LAR,0.0,0.0,0.0,1.0,0.0,0.0,0.0,1.0,0.0,0.0,1.0,0.0,1.0
11/30/2025,2025,13,False,TB,20.0,17.0,ARI,TB,-3.5,44.5,Raymond James Stadium,False,80.0,8.0,56.0,,ARI @ TB,13,-3.5,ARI,0.0,0.0,0.0,0.0,0.0,0.0,0.0,0.0,0.0,0.0,1.0,0.0,1.0
11/30/2025,2025,13,False,NYJ,27.0,24.0,ATL,ATL,-3.0,39,MetLife Stadium,False,43.0,8.0,79.0,,ATL @ NYJ,13,2.5,NYJ,1.0,0.0,1.0,0.0,0.0,1.0,0.0,0.0,1.0,0.0,1.0,0.0,0.0
11/30/2025,2025,13,False,PIT,7.0,26.0,BUF,BUF,-3.0,46,Acrisure Stadium,False,34.0,16.0,68.0,,BUF @ PIT,13,3.5,BUF,0.0,1.0,0.0,0.0,1.0,1.0,1.0,1.0,1.0,1.0,1.0,0.0,0.0
11/28/2025,2025,13,False,PHI,15.0,24.0,CHI,PHI,-7.0,44,Lincoln Financial Field,False,42.0,18.0,35.0,,CHI @ PHI,13,-6.5,CHI,1.0,1.0,0.0,1.0,1.0,1.0,1.0,0.0,0.0,0.0,0.0,1.0,0.0
11/28/2025,2025,13,False,BAL,14.0,32.0,CIN,BAL,-7.5,51.5,M&T Bank Stadium,False,38.0,11.0,44.0,,CIN @ BAL,13,-6.5,CIN,0.0,0.0,0.0,0.0,0.0,1.0,0.0,0.0,1.0,0.0,1.0,0.0,0.0
12/1/2025,2025,13,False,WAS,26.0,27.0,DEN,DEN,-6.0,43,Northwest Stadium,False,40.0,13.0,77.0,,DEN @ WAS,13,6.5,WAS,0.0,0.0,0.0,0.0,1.0,1.0,0.0,0.0,0.0,1.0,0.0,0.0,0.0
11/27/2025,2025,13,False,DET,24.0,31.0,GB,DET,-3.0,48.5,Ford Field,False,72.0,0.0,,indoor,GB @ DET,13,-2.5,GB,1.0,0.0,0.0,1.0,1.0,1.0,0.0,0.0,1.0,1.0,1.0,1.0,0.0
11/30/2025,2025,13,False,IND,16.0,20.0,HOU,IND,-3.0,45,Lucas Oil Stadium,False,72.0,0.0,,indoor,HOU @ IND,13,-4.5,HOU,1.0,1.0,0.0,0.0,0.0,0.0,0.0,0.0,0.0,0.0,1.0,0.0,0.0
11/30/2025,2025,13,False,TEN,3.0,25.0,JAX,JAX,-6.0,41.5,Nissan Stadium,False,38.0,7.0,79.0,,JAX @ TEN,13,6.5,JAX,0.0,1.0,1.0,1.0,0.0,1.0,1.0,1.0,1.0,1.0,1.0,1.0,1.0
11/27/2025,2025,13,False,DAL,31.0,28.0,KC,KC,-3.0,52.5,AT&T Stadium,False,72.0,0.0,,indoor,KC @ DAL,13,3.5,DAL,0.0,0.0,1.0,0.0,0.0,0.0,0.0,0.0,0.0,0.0,0.0,1.0,1.0
11/30/2025,2025,13,False,CAR,31.0,28.0,LAR,LAR,-10.0,45,Bank of America Stadium,False,45.0,3.0,57.0,,LAR @ CAR,13,10.5,CAR,0.0,0.0,1.0,1.0,1.0,1.0,0.0,0.0,1.0,1.0,1.0,1.0,1.0
11/30/2025,2025,13,False,LAC,31.0,14.0,LV,LAC,-9.5,40.5,SoFi Stadium,False,72.0,0.0,,indoor,LV @ LAC,13,-9.5,LAC,1.0,1.0,1.0,0.0,1.0,0.0,0.0,1.0,0.0,0.0,0.0,1.0,1.0
11/30/2025,2025,13,False,SEA,26.0,0.0,MIN,SEA,-12.0,41.5,Lumen Field,False,45.0,2.0,75.0,,MIN @ SEA,13,-10.5,SEA,1.0,1.0,1.0,0.0,0.0,1.0,0.0,1.0,1.0,1.0,1.0,1.0,1.0
11/30/2025,2025,13,False,MIA,21.0,17.0,NO,MIA,-5.0,41.5,Hard Rock Stadium,False,76.0,10.0,87.0,,NO @ MIA,13,-5.5,NO,0.0,1.0,0.0,0.0,1.0,0.0,0.0,0.0,0.0,0.0,0.0,1.0,0.0
12/2/2025,2025,13,False,NE,33.0,15.0,NYG,NE,-7.5,46.5,Gillette Stadium,False,29.0,4.0,61.0,,NYG @ NE,13,-7.5,NE,0.0,0.0,1.0,1.0,0.0,0.0,1.0,1.0,1.0,1.0,0.0,1.0,1.0
11/30/2025,2025,13,False,CLE,8.0,26.0,SF,SF,-5.0,35.5,Huntington Bank Field,False,35.0,20.0,73.0,,SF @ CLE,13,5.5,SF,1.0,1.0,1.0,1.0,1.0,0.0,1.0,1.0,1.0,1.0,1.0,1.0,0.0
12/7/2025,2025,14,False,GB,28.0,21.0,CHI,GB,-6.5,43.5,Lambeau Field,False,16.0,9.0,55.0,,CHI @ GB,14,-6.5,GB,0.0,1.0,1.0,0.0,1.0,0.0,,1.0,1.0,1.0,0.0,0.0,1.0
12/7/2025,2025,14,False,BUF,39.0,34.0,CIN,BUF,-6.0,53.5,Highmark Stadium,False,31.0,12.0,86.0,snow,CIN @ BUF,14,-5.5,CIN,1.0,1.0,1.0,0.0,0.0,1.0,,0.0,1.0,1.0,0.0,1.0,0.0
12/5/2025,2025,14,False,DET,44.0,30.0,DAL,DET,-3.0,54,Ford Field,False,72.0,0.0,,indoor,DAL @ DET,14,-3.5,DET,1.0,1.0,1.0,1.0,1.0,1.0,,1.0,1.0,1.0,1.0,1.0,1.0
12/7/2025,2025,14,False,LV,17.0,24.0,DEN,DEN,-8.0,40.5,Allegiant Stadium,False,72.0,0.0,,indoor,DEN @ LV,14,7.5,LV,0.0,0.0,0.0,1.0,0.0,0.0,,0.0,0.0,0.0,0.0,0.0,0.0
12/8/2025,2025,14,False,KC,10.0,20.0,HOU,KC,-3.5,41,GEHA Field at Arrowhead Stadium,False,27.0,8.0,80.0,,HOU @ KC,14,-3.5,HOU,0.0,1.0,1.0,1.0,0.0,0.0,,0.0,1.0,0.0,0.0,1.0,1.0
12/7/2025,2025,14,False,JAX,36.0,19.0,IND,IND,-1.5,46,EverBank Stadium,False,61.0,7.0,98.0,,IND @ JAX,14,1.5,JAX,1.0,1.0,1.0,0.0,0.0,1.0,,0.0,1.0,1.0,0.0,1.0,1.0
12/7/2025,2025,14,False,ARI,17.0,45.0,LAR,LAR,-10.0,48,State Farm Stadium,False,68.0,1.0,30.0,retractable (open roof),LAR @ ARI,14,8.5,LAR,1.0,1.0,1.0,1.0,1.0,1.0,,1.0,0.0,1.0,1.0,1.0,1.0
12/7/2025,2025,14,False,NYJ,10.0,34.0,MIA,MIA,-2.5,41,MetLife Stadium,False,41.0,6.0,58.0,,MIA @ NYJ,14,2.5,MIA,1.0,0.0,0.0,1.0,1.0,0.0,,1.0,1.0,1.0,1.0,1.0,0.0
12/7/2025,2025,14,False,TB,20.0,24.0,NO,TB,-9.0,41.5,Raymond James Stadium,False,73.0,6.0,88.0,,NO @ TB,14,-8.5,NO,0.0,0.0,0.0,1.0,0.0,0.0,,0.0,1.0,0.0,0.0,0.0,0.0
12/9/2025,2025,14,False,LAC,22.0,19.0,PHI,PHI,-2.0,41.5,SoFi Stadium,False,72.0,0.0,,indoor,PHI @ LAC,14,2.5,LAC,1.0,0.0,0.0,1.0,1.0,0.0,,0.0,1.0,0.0,0.0,1.0,1.0
12/7/2025,2025,14,False,BAL,22.0,27.0,PIT,BAL,-5.5,42.5,M&T Bank Stadium,False,44.0,6.0,51.0,,PIT @ BAL,14,-5.5,PIT,1.0,0.0,1.0,1.0,0.0,1.0,,0.0,1.0,0.0,1.0,0.0,0.0
12/7/2025,2025,14,False,ATL,9.0,37.0,SEA,SEA,-6.5,44,Mercedes-Benz Stadium,False,72.0,0.0,,indoor,SEA @ ATL,14,7.5,SEA,1.0,1.0,1.0,1.0,1.0,1.0,,1.0,1.0,1.0,1.0,1.0,1.0
12/7/2025,2025,14,False,CLE,29.0,31.0,TEN,CLE,-3.5,34,Huntington Bank Field,False,33.0,6.0,86.0,snow,TEN @ CLE,14,-3.5,TEN,0.0,1.0,0.0,0.0,0.0,0.0,,0.0,0.0,1.0,1.0,0.0,0.0
12/7/2025,2025,14,False,MIN,31.0,0.0,WAS,WAS,-1.5,44,U.S. Bank Stadium,False,72.0,0.0,,indoor,WAS @ MIN,14,-0.5,MIN,0.0,0.0,0.0,0.0,1.0,0.0,,1.0,0.0,0.0,0.0,0.0,1.0
12/14/2025,2025,15,False,HOU,40.0,20.0,ARI,HOU,-10.5,42,NRG Stadium,False,72.0,0.0,,indoor,ARI @ HOU,15,-9.5,HOU,1.0,1.0,0.0,0.0,0.0,0.0,,1.0,1.0,1.0,1.0,1.0,1.0
12/12/2025,2025,15,False,TB,28.0,29.0,ATL,TB,-4.5,44,Raymond James Stadium,False,56.0,5.0,58.0,,ATL @ TB,15,-4.5,ATL,0.0,0.0,0.0,0.0,,0.0,,0.0,0.0,0.0,0.0,,
12/14/2025,2025,15,False,CIN,0.0,24.0,BAL,BAL,-3.0,51.5,Paycor Stadium,False,10.0,7.0,63.0,,BAL @ CIN,15,2.5,BAL,0.0,1.0,0.0,1.0,1.0,0.0,,1.0,1.0,0.0,0.0,0.0,1.0
12/14/2025,2025,15,False,NE,31.0,35.0,BUF,BUF,-1.5,49,Gillette Stadium,False,32.0,6.0,86.0,snow,BUF @ NE,15,1.5,BUF,1.0,1.0,0.0,0.0,1.0,1.0,,1.0,1.0,1.0,1.0,0.0,0.0
12/14/2025,2025,15,False,NO,20.0,17.0,CAR,CAR,-3.0,40.5,Caesars Superdome,False,72.0,0.0,,indoor,CAR @ NO,15,2.5,NO,0.0,0.0,0.0,0.0,0.0,0.0,,0.0,0.0,0.0,0.0,1.0,0.0
12/14/2025,2025,15,False,CHI,31.0,3.0,CLE,CHI,-7.5,38,Soldier Field,False,8.0,6.0,62.0,,CLE @ CHI,15,-7.5,CHI,0.0,1.0,1.0,1.0,1.0,0.0,,1.0,0.0,1.0,0.0,1.0,1.0
12/14/2025,2025,15,False,LAR,41.0,34.0,DET,LAR,-6.0,55,SoFi Stadium,False,72.0,0.0,,indoor,DET @ LAR,15,-5.5,LAR,0.0,0.0,0.0,0.0,1.0,0.0,,1.0,0.0,0.0,1.0,1.0,0.0
12/14/2025,2025,15,False,DEN,34.0,26.0,GB,GB,-1.0,42.5,Empower Field at Mile High,False,65.0,3.0,16.0,,GB @ DEN,15,2.5,DEN,0.0,0.0,0.0,1.0,0.0,0.0,,0.0,1.0,1.0,1.0,1.0,0.0
12/14/2025,2025,15,False,SEA,18.0,16.0,IND,SEA,-14.0,42.5,Lumen Field,False,51.0,9.0,87.0,,IND @ SEA,15,-13.5,IND,0.0,0.0,0.0,1.0,1.0,1.0,,0.0,1.0,0.0,1.0,1.0,0.0
12/14/2025,2025,15,False,KC,13.0,16.0,LAC,KC,-6.0,41.5,GEHA Field at Arrowhead Stadium,False,15.0,3.0,44.0,,LAC @ KC,15,-4.5,LAC,0.0,0.0,0.0,1.0,0.0,0.0,,0.0,1.0,0.0,0.0,1.0,0.0
12/14/2025,2025,15,False,PHI,31.0,0.0,LV,PHI,-12.5,38,Lincoln Financial Field,False,30.0,20.0,56.0,,LV @ PHI,15,-11.5,PHI,1.0,0.0,1.0,1.0,0.0,0.0,,1.0,0.0,1.0,1.0,1.0,1.0
12/16/2025,2025,15,False,PIT,28.0,15.0,MIA,PIT,-3.0,42.5,Acrisure Stadium,False,17.0,7.0,71.0,,MIA @ PIT,15,-3.5,PIT,1.0,0.0,1.0,1.0,0.0,0.0,,1.0,1.0,1.0,0.0,1.0,0.0
12/15/2025,2025,15,False,DAL,26.0,34.0,MIN,DAL,-5.5,47.5,AT&T Stadium,False,72.0,0.0,,indoor,MIN @ DAL,15,-5.5,MIN,0.0,0.0,0.0,1.0,0.0,0.0,,0.0,1.0,0.0,1.0,0.0,0.0
12/14/2025,2025,15,False,JAX,48.0,20.0,NYJ,JAX,-14.0,41,EverBank Stadium,False,70.0,11.0,60.0,,NYJ @ JAX,15,-11.5,JAX,1.0,1.0,0.0,1.0,0.0,0.0,,1.0,1.0,1.0,1.0,0.0,1.0
12/14/2025,2025,15,False,SF,37.0,24.0,TEN,SF,-12.5,44.5,Levi's Stadium,False,54.0,4.0,82.0,fog,TEN @ SF,15,-12.5,SF,0.0,1.0,0.0,1.0,0.0,0.0,,1.0,1.0,1.0,0.0,1.0,1.0
12/14/2025,2025,15,False,NYG,21.0,29.0,WAS,NYG,-2.5,46.5,MetLife Stadium,False,27.0,13.0,69.0,,WAS @ NYG,15,-2.5,WAS,0.0,1.0,0.0,1.0,0.0,1.0,,0.0,1.0,0.0,0.0,0.0,1.0
12/21/2025,2025,16,False,ARI,19.0,26.0,ATL,ATL,-2.5,48.5,State Farm Stadium,False,72.0,0.0,,indoor,ATL @ ARI,16,2.5,ATL,1.0,1.0,0.0,1.0,1.0,1.0,1.0,1.0,1.0,1.0,1.0,1.0,1.0
12/21/2025,2025,16,False,CLE,20.0,23.0,BUF,BUF,-10.5,41.5,Huntington Bank Field,False,25.0,16.0,68.0,,BUF @ CLE,16,10.5,CLE,0.0,0.0,0.0,0.0,0.0,1.0,0.0,0.0,0.0,0.0,0.0,0.0,0.0
12/22/2025,2025,16,False,MIA,21.0,45.0,CIN,CIN,-4.0,48.5,Hard Rock Stadium,False,81.0,7.0,64.0,,CIN @ MIA,16,1.5,CIN,1.0,1.0,1.0,0.0,1.0,0.0,0.0,1.0,1.0,1.0,1.0,1.0,0.0
12/20/2025,2025,16,False,CHI,22.0,16.0,GB,CHI,-1.5,46.5,Soldier Field,False,37.0,6.0,48.0,,GB @ CHI,16,1.5,CHI,0.0,0.0,1.0,1.0,0.0,1.0,1.0,0.0,0.0,0.0,0.0,1.0,1.0
12/21/2025,2025,16,False,DEN,20.0,34.0,JAX,DEN,-3.5,47,Empower Field at Mile High,False,62.0,3.0,26.0,,JAX @ DEN,16,-2.5,JAX,1.0,0.0,0.0,0.0,0.0,1.0,0.0,0.0,0.0,1.0,0.0,1.0,0.0
12/21/2025,2025,16,False,TEN,26.0,9.0,KC,KC,-2.5,37.5,Nissan Stadium,False,51.0,8.0,27.0,,KC @ TEN,16,3.5,TEN,0.0,0.0,1.0,0.0,0.0,0.0,0.0,0.0,0.0,0.0,1.0,0.0,1.0
12/21/2025,2025,16,False,DAL,17.0,34.0,LAC,DAL,-2.0,50,AT&T Stadium,False,72.0,0.0,,indoor,LAC @ DAL,16,-1.5,LAC,0.0,0.0,1.0,1.0,1.0,1.0,1.0,0.0,1.0,1.0,1.0,1.0,0.0
12/19/2025,2025,16,False,SEA,38.0,37.0,LAR,SEA,-1.5,42,Lumen Field,False,51.0,17.0,91.0,,LAR @ SEA,16,0.5,SEA,1.0,1.0,0.0,0.0,1.0,1.0,0.0,0.0,1.0,1.0,0.0,1.0,1.0
12/21/2025,2025,16,False,HOU,23.0,21.0,LV,HOU,-14.0,38.5,NRG Stadium,False,72.0,0.0,,indoor,LV @ HOU,16,-14.5,LV,0.0,1.0,0.0,1.0,1.0,1.0,1.0,0.0,1.0,1.0,0.0,0.0,0.0
12/21/2025,2025,16,False,NYG,13.0,16.0,MIN,MIN,-2.5,43,MetLife Stadium,False,46.0,20.0,37.0,,MIN @ NYG,16,2.5,MIN,0.0,1.0,0.0,1.0,1.0,0.0,1.0,1.0,1.0,1.0,1.0,1.0,1.0
12/21/2025,2025,16,False,BAL,24.0,28.0,NE,BAL,-3.0,49,M&T Bank Stadium,False,40.0,2.0,36.0,,NE @ BAL,16,-2.5,NE,1.0,1.0,1.0,1.0,1.0,1.0,1.0,0.0,1.0,1.0,1.0,1.0,0.0
12/21/2025,2025,16,False,NO,29.0,6.0,NYJ,NO,-6.5,40.5,Caesars Superdome,False,72.0,0.0,,indoor,NYJ @ NO,16,-4.5,NO,1.0,1.0,1.0,1.0,1.0,0.0,1.0,1.0,1.0,1.0,1.0,1.0,1.0
12/20/2025,2025,16,False,WAS,18.0,29.0,PHI,PHI,-7.0,44,Northwest Stadium,False,42.0,7.0,49.0,,PHI @ WAS,16,6.5,PHI,1.0,1.0,1.0,1.0,1.0,0.0,1.0,1.0,1.0,1.0,1.0,1.0,1.0
12/21/2025,2025,16,False,DET,24.0,29.0,PIT,DET,-7.0,52,Ford Field,False,72.0,0.0,,indoor,PIT @ DET,16,-6.5,PIT,1.0,0.0,0.0,1.0,1.0,1.0,1.0,0.0,0.0,0.0,0.0,0.0,0.0
12/23/2025,2025,16,False,IND,27.0,48.0,SF,SF,-5.5,46,Lucas Oil Stadium,False,72.0,0.0,,indoor,SF @ IND,16,5.5,SF,1.0,1.0,0.0,1.0,1.0,0.0,1.0,1.0,1.0,1.0,1.0,0.0,1.0
12/21/2025,2025,16,False,CAR,23.0,20.0,TB,TB,-3.0,45,Bank of America Stadium,False,61.0,8.0,28.0,,TB @ CAR,16,2.5,CAR,0.0,1.0,0.0,1.0,1.0,1.0,0.0,0.0,1.0,0.0,0.0,0.0,0.0
12/28/2025,2025,17,False,CIN,37.0,14.0,ARI,CIN,-7.5,53,Paycor Stadium,False,65.0,9.0,87.0,,ARI @ CIN,17,-7.5,CIN,1.0,1.0,0.0,0.0,0.0,0.0,,1.0,0.0,1.0,1.0,1.0,1.0
12/27/2025,2025,17,False,GB,24.0,41.0,BAL,GB,-3.0,38.5,Lambeau Field,False,36.0,10.0,95.0,fog,BAL @ GB,17,-2.5,BAL,1.0,1.0,0.0,0.0,0.0,0.0,,0.0,0.0,0.0,0.0,1.0,0.0
12/28/2025,2025,17,False,SF,42.0,38.0,CHI,SF,-3.5,52.5,Levi's Stadium,False,53.0,5.0,65.0,,CHI @ SF,17,-3.5,SF,1.0,1.0,0.0,0.0,1.0,0.0,,1.0,1.0,1.0,0.0,1.0,0.0
12/25/2025,2025,17,False,WAS,23.0,30.0,DAL,DAL,-10.0,50.5,Northwest Stadium,False,50.0,7.0,53.0,,DAL @ WAS,17,6.5,DAL,1.0,1.0,1.0,0.0,1.0,1.0,,1.0,1.0,1.0,1.0,1.0,1.0
12/26/2025,2025,17,False,KC,13.0,20.0,DEN,DEN,-13.5,36.5,GEHA Field at Arrowhead Stadium,False,57.0,3.0,99.0,fog,DEN @ KC,17,12.5,KC,0.0,0.0,0.0,0.0,0.0,1.0,,0.0,0.0,0.0,1.0,0.0,0.0
12/25/2025,2025,17,False,MIN,23.0,10.0,DET,DET,-7.5,43,U.S. Bank Stadium,False,72.0,0.0,,indoor,DET @ MIN,17,6.5,MIN,1.0,1.0,0.0,1.0,0.0,1.0,,0.0,0.0,1.0,0.0,1.0,1.0
12/27/2025,2025,17,False,LAC,16.0,20.0,HOU,LAC,-1.0,39.5,SoFi Stadium,False,72.0,0.0,,indoor,HOU @ LAC,17,-1.5,HOU,1.0,1.0,1.0,0.0,1.0,0.0,,0.0,0.0,0.0,0.0,1.0,0.0
12/28/2025,2025,17,False,IND,17.0,23.0,JAX,JAX,-5.5,48.5,Lucas Oil Stadium,False,72.0,0.0,,indoor,JAX @ IND,17,6.5,IND,0.0,0.0,0.0,0.0,0.0,1.0,,0.0,1.0,0.0,0.0,0.0,0.0
12/30/2025,2025,17,False,ATL,27.0,24.0,LAR,LAR,-7.5,50,Mercedes-Benz Stadium,False,72.0,0.0,,indoor,LAR @ ATL,17,8.5,ATL,0.0,0.0,0.0,1.0,1.0,1.0,,0.0,1.0,1.0,0.0,0.0,0.0
12/28/2025,2025,17,False,NYJ,10.0,42.0,NE,NE,-13.5,43,MetLife Stadium,False,29.0,4.0,81.0,,NE @ NYJ,17,13.5,NE,1.0,1.0,1.0,1.0,0.0,0.0,,1.0,0.0,1.0,0.0,1.0,1.0
12/28/2025,2025,17,False,TEN,26.0,34.0,NO,NO,-1.5,39.5,Nissan Stadium,False,71.0,14.0,71.0,,NO @ TEN,17,2.5,NO,1.0,0.0,0.0,0.0,1.0,0.0,,1.0,1.0,0.0,1.0,0.0,1.0
12/28/2025,2025,17,False,LV,10.0,34.0,NYG,NYG,-2.5,41.5,Allegiant Stadium,False,72.0,0.0,,indoor,NYG @ LV,17,-1.5,NYG,1.0,1.0,1.0,0.0,1.0,1.0,,0.0,0.0,1.0,0.0,1.0,0.0
12/28/2025,2025,17,False,BUF,12.0,13.0,PHI,BUF,-1.5,44,Highmark Stadium,False,38.0,6.0,94.0,rain,PHI @ BUF,17,-2.5,PHI,1.0,0.0,0.0,0.0,0.0,0.0,,0.0,0.0,0.0,1.0,1.0,1.0
12/28/2025,2025,17,False,CLE,13.0,6.0,PIT,PIT,-3.0,34.5,Huntington Bank Field,False,45.0,14.0,95.0,fog,PIT @ CLE,17,3.5,CLE,0.0,0.0,0.0,1.0,0.0,0.0,,0.0,0.0,0.0,1.0,0.0,0.0
12/28/2025,2025,17,False,CAR,10.0,27.0,SEA,SEA,-7.0,42.5,Bank of America Stadium,False,43.0,2.0,94.0,rain,SEA @ CAR,17,7.5,SEA,0.0,0.0,0.0,0.0,1.0,1.0,,1.0,0.0,0.0,0.0,1.0,1.0
12/28/2025,2025,17,False,MIA,20.0,17.0,TB,TB,-5.5,44.5,Hard Rock Stadium,False,80.0,3.0,51.0,,TB @ MIA,17,5.5,MIA,1.0,1.0,0.0,0.0,0.0,0.0,,0.0,0.0,0.0,1.0,0.0,0.0
1/4/2026,2025,18,False,LAR,37.0,20.0,ARI,LAR,-13.5,47.5,SoFi Stadium,False,72.0,0.0,,indoor,ARI @ LAR,18,-7.5,LAR,1.0,1.0,0.0,1.0,1.0,0.0,1.0,1.0,1.0,0.0,1.0,1.0,1.0
1/4/2026,2025,18,False,PIT,26.0,24.0,BAL,BAL,-3.5,40.5,Acrisure Stadium,False,25.0,3.0,81.0,,BAL @ PIT,18,3.5,PIT,0.0,0.0,0.0,0.0,1.0,1.0,1.0,0.0,1.0,1.0,0.0,1.0,0.0
1/3/2026,2025,18,False,TB,16.0,14.0,CAR,TB,-3.0,43.5,Raymond James Stadium,False,69.0,11.0,85.0,rain,CAR @ TB,18,-2.5,CAR,1.0,1.0,1.0,1.0,1.0,0.0,0.0,0.0,0.0,0.0,0.0,0.0,0.0
1/4/2026,2025,18,False,CIN,18.0,20.0,CLE,CIN,-8.0,45.5,Paycor Stadium,False,37.0,0.0,56.0,,CLE @ CIN,18,-7.5,CLE,1.0,0.0,1.0,1.0,1.0,1.0,0.0,0.0,1.0,0.0,1.0,1.0,1.0
1/4/2026,2025,18,False,NYG,34.0,17.0,DAL,DAL,-3.5,49,MetLife Stadium,False,33.0,7.0,52.0,,DAL @ NYG,18,4.5,NYG,0.0,1.0,0.0,0.0,0.0,1.0,0.0,0.0,0.0,0.0,0.0,0.0,0.0
1/4/2026,2025,18,False,CHI,16.0,19.0,DET,CHI,-3.5,50.5,Soldier Field,False,33.0,4.0,70.0,,DET @ CHI,18,-2.5,DET,0.0,1.0,0.0,0.0,1.0,0.0,0.0,0.0,0.0,0.0,1.0,0.0,0.0
1/4/2026,2025,18,False,MIN,16.0,3.0,GB,MIN,-10.5,36.5,U.S. Bank Stadium,False,72.0,0.0,,indoor,GB @ MIN,18,-6.5,MIN,1.0,0.0,1.0,1.0,0.0,0.0,0.0,1.0,0.0,0.0,1.0,0.0,1.0
1/4/2026,2025,18,False,HOU,38.0,30.0,IND,HOU,-11.0,39,NRG Stadium,False,72.0,0.0,,indoor,IND @ HOU,18,-10.5,IND,0.0,0.0,1.0,0.0,0.0,1.0,0.0,0.0,0.0,0.0,1.0,1.0,0.0
1/4/2026,2025,18,False,LV,14.0,12.0,KC,KC,-4.5,36,Allegiant Stadium,False,72.0,0.0,,indoor,KC @ LV,18,5.5,LV,1.0,0.0,1.0,0.0,0.0,0.0,0.0,0.0,0.0,0.0,1.0,1.0,1.0
1/4/2026,2025,18,False,DEN,19.0,3.0,LAC,DEN,-14.5,37.5,Empower Field at Mile High,False,69.0,16.0,7.0,,LAC @ DEN,18,-12.5,DEN,0.0,1.0,1.0,0.0,0.0,0.0,0.0,1.0,1.0,0.0,1.0,0.0,1.0
1/4/2026,2025,18,False,NE,38.0,10.0,MIA,NE,-11.5,45.5,Gillette Stadium,False,29.0,6.0,56.0,,MIA @ NE,18,-10.5,NE,1.0,1.0,1.0,0.0,0.0,0.0,1.0,1.0,1.0,1.0,1.0,1.0,1.0
1/4/2026,2025,18,False,ATL,19.0,17.0,NO,ATL,-3.5,43,Mercedes-Benz Stadium,False,72.0,0.0,,indoor,NO @ ATL,18,-3.5,NO,0.0,0.0,0.0,0.0,0.0,1.0,0.0,0.0,0.0,1.0,1.0,0.0,0.0
1/4/2026,2025,18,False,BUF,35.0,8.0,NYJ,BUF,-8.0,37,Highmark Stadium,False,27.0,13.0,75.0,,NYJ @ BUF,18,-7.5,BUF,1.0,1.0,1.0,1.0,1.0,1.0,1.0,1.0,0.0,1.0,1.0,1.0,1.0
1/3/2026,2025,18,False,SF,3.0,13.0,SEA,SEA,-2.5,47.5,Levi's Stadium,False,57.0,8.0,81.0,,SEA @ SF,18,1.5,SEA,0.0,1.0,0.0,0.0,1.0,1.0,0.0,1.0,0.0,0.0,0.0,0.0,1.0
1/4/2026,2025,18,False,JAX,41.0,7.0,TEN,JAX,-13.5,47.5,EverBank Stadium,False,58.0,7.0,76.0,,TEN @ JAX,18,-12.5,JAX,0.0,1.0,1.0,0.0,0.0,0.0,0.0,1.0,0.0,1.0,0.0,1.0,1.0
1/4/2026,2025,18,False,PHI,17.0,24.0,WAS,PHI,-4.5,39,Lincoln Financial Field,False,35.0,9.0,47.0,,WAS @ PHI,18,-7.5,WAS,0.0,0.0,0.0,0.0,0.0,0.0,0.0,0.0,1.0,1.0,0.0,1.0,0.0
